Contract,Expiry_Date,Volume_Crossover_Date
MNQH21,2021-03-19,2021-03-11
MNQM21,2021-06-18,2021-06-10
MNQU21,2021-09-17,2021-09-09
MNQZ21,2021-12-17,2021-12-09
MNQH22,2022-03-18,2022-03-10
MNQM22,2022-06-17,2022-06-09
MNQU22,2022-09-16,2022-09-08
MNQZ22,2022-12-16,2022-12-08
MNQH23,2023-03-17,2023-03-09
MNQM23,2023-06-16,2023-06-08
MNQU23,2023-09-15,2023-09-07
MNQZ23,2023-12-15,2023-12-07
MNQH24,2024-03-15,2024-03-07
MNQM24,2024-06-21,2024-06-13
MNQU24,2024-09-20,2024-09-12
MNQZ24,2024-12-20,2024-12-12
MNQH25,2025-03-21,2025-03-13
MNQM25,2025-06-20,2025-06-12
MNQU25,2025-09-19,2025-09-11
MNQZ25,2025-12-19,2025-12-11
MNQH26,2026-03-20,2026-03-12
MNQM26,2026-06-19,2026-06-11
